Country Code,State Code,Name (EN), Name (FR), Name (ES)
CA,AB,Alberta,Alberta,Alberta
CA,BC,British Columbia,Colombie-Britannique,British Columbia
CA,MB,Manitoba,Manitoba,Manitoba
CA,NB,New Brunswick,Nouveau-Brunswick,New Brunswick
CA,NL,Newfoundland and Labrador,Terre-Neuve-et-Labrador,Newfoundland and Labrador
CA,NS,Nova Scotia,Nouvelle-Écosse,Nova Scotia
CA,NT,Northwest Territories,Territoires du Nord-Ouest,Northwest Territories
CA,NU,Nunavut,Nunavut,Nunavut
CA,ON,Ontario,Ontario,Ontario
CA,PE,Prince Edward Island,Île-du-Prince-Édouard,Prince Edward Island
CA,QC,Quebec,Québec,Quebec
CA,SK,Saskatchewan,Saskatchewan,Saskatchewan
CA,YT,Yukon Territory,Yukon,Yukon Territory
US,AK,Alaska,Alaska,Alaska
US,AL,Alabama,Alabama,Alabama
US,AR,Arkansas,Arkansas,Arkansas
US,AS,American Samoa,American Samoa,American Samoa
US,AZ,Arizona,Arizona,Arizona
US,CA,California,California,California
US,CO,Colorado,Colorado,Colorado
US,CT,Connecticut,Connecticut,Connecticut
US,DC,District of Columbia,District of Columbia,District of Columbia
US,DE,Delaware,Delaware,Delaware
US,FL,Florida,Florida,Florida
US,GA,Georgia,Georgia,Georgia
US,GU,Guam,Guam,Guam
US,HI,Hawaii,Hawaii,Hawaii
US,IA,Iowa,Iowa,Iowa
US,ID,Idaho,Idaho,Idaho
US,IL,Illinois,Illinois,Illinois
US,IN,Indiana,Indiana,Indiana
US,KS,Kansas,Kansas,Kansas
US,KY,Kentucky,Kentucky,Kentucky
US,LA,Louisiana,Louisiana,Louisiana
US,MA,Massachusetts,Massachusetts,Massachusetts
US,MD,Maryland,Maryland,Maryland
US,ME,Maine,Maine,Maine
US,MI,Michigan,Michigan,Michigan
US,MN,Minnesota,Minnesota,Minnesota
US,MO,Missouri,Missouri,Missouri
US,MP,Northern Mariana Islands,Northern Mariana Islands,Northern Mariana Islands
US,MS,Mississippi,Mississippi,Mississippi
US,MT,Montana,Montana,Montana
US,NC,North Carolina,North Carolina,North Carolina
US,ND,North Dakota,North Dakota,North Dakota
US,NE,Nebraska,Nebraska,Nebraska
US,NH,New Hampshire,New Hampshire,New Hampshire
US,NJ,New Jersey,New Jersey,New Jersey
US,NM,New Mexico,New Mexico,New Mexico
US,NV,Nevada,Nevada,Nevada
US,NY,New York,New York,New York
US,OH,Ohio,Ohio,Ohio
US,OK,Oklahoma,Oklahoma,Oklahoma
US,OR,Oregon,Oregon,Oregon
US,PA,Pennsylvania,Pennsylvania,Pennsylvania
US,PR,Puerto Rico,Puerto Rico,Puerto Rico
US,RI,Rhode Island,Rhode Island,Rhode Island
US,SC,South Carolina,South Carolina,South Carolina
US,SD,South Dakota,South Dakota,South Dakota
US,TN,Tennessee,Tennessee,Tennessee
US,TX,Texas,Texas,Texas
US,UM,United States Minor Outlying Islands,United States Minor Outlying Islands,United States Minor Outlying Islands
US,UT,Utah,Utah,Utah
US,VA,Virginia,Virginia,Virginia
US,VI,Virgin Islands,Virgin Islands,Virgin Islands
US,VT,Vermont,Vermont,Vermont
US,WA,Washington,Washington,Washington
US,WI,Wisconsin,Wisconsin,Wisconsin
US,WV,West Virginia,West Virginia,West Virginia
US,WY,Wyoming,Wyoming,Wyoming
US,AA,Armed Forces Americas (except Canada),Armed Forces Americas (except Canada),Armed Forces Americas (except Canada)
US,AE,"Armed Forces Africa, Canada, Europe, Middle East","Armed Forces Africa, Canada, Europe, Middle East","Armed Forces Africa, Canada, Europe, Middle East"
US,AP,Armed Forces Pacific,Armed Forces Pacific,Armed Forces Pacific
